<?xml version="1.0" encoding="UTF-8"?>
<!DOCTYPE mapper PUBLIC
	"-//mybatis.org//DTD Mapper 3.0//EN"
	"http://mybatis.org/dtd/mybatis-3-mapper.dtd">
	
<mapper namespace="_4.mapper.EmployeeMapper">

<insert id="employeeRegist" parameterType="empDTO">
	insert into employee (EMP_NUM, EMP_ID, EMP_PW, EMP_NAME
					, EMP_BIRTH_DATE, EMP_EMAIL, EMP_PHONE, EMP_HIRE_DATE
					, EMP_JUMIN, EMP_POINT )
	values (#{empNum}, #{empId}, #{empPw}, #{empName}
			, #{empBirthDate}, #{empEmail}, #{empPhone}, sysdate
			, #{empJumin}, 0 )	
</insert>



<select id="employeeAllSelect" resultType="empDTO" >
	select EMP_NUM, EMP_ID, EMP_PW, EMP_NAME
		, EMP_BIRTH_DATE, EMP_EMAIL, EMP_PHONE, EMP_HIRE_DATE
		, EMP_JUMIN, EMP_POINT
	from employee
</select>

<select id="employeeOneSelect" parameterType="string" resultType="empDTO">
	select EMP_NUM, EMP_ID, EMP_PW, EMP_NAME
		, EMP_BIRTH_DATE, EMP_EMAIL, EMP_PHONE, EMP_HIRE_DATE
		, EMP_JUMIN, EMP_POINT, POINT_GET_DATE
	from employee
	where
		EMP_NUM = #{empNum}
</select>

<update id="employeeUpdate" parameterType="empDTO">
	update employee set
		EMP_EMAIL = #{empEmail},
		EMP_PHONE = #{empPhone}
	where EMP_NUM = #{empNum}
		
</update>

<select id="employeeCount" parameterType="string" resultType="integer">
select count(*) from employee
	<if test="searchWord != null">
		<where>
			EMP_NAME like '%'||#{searchWord}||'%'
			or EMP_ID like '%'||#{searchWord}||'%'
			or EMP_NUM like '%'||#{searchWord}||'%'
		</where>
	</if>
</select>

<delete id="employeesDelete" parameterType="string">
delete from employee
where emp_num in
<foreach collection="employeesNum" item="empNum" open="(" close=")" index="index" separator=",">
	#{empNum}
</foreach>
</delete>

</mapper>