<?xml version="1.0" encoding="UTF-8"?>
<!DOCTYPE mapper PUBLIC
	"-//mybatis.org//DTD Mapper 3.0//EN"
	"http://mybatis.org/dtd/mybatis-3-mapper.dtd">
	
<mapper namespace="_4.mapper.LoginMapper">
<select id="selectNickCheck" parameterType="string" resultType="string">
select mem_id from member
where mem_nickname = #{userNick}
</select>

<select id="selectIdCheck" parameterType="string" resultType="string">
select mem_id from member where mem_id = #{userId}
union
select emp_id from employee where emp_id = #{empId}
union
select OWNER_ID from owner where OWNER_ID = #{ownerId}
</select>





<select id="emailCheckSelectOne" parameterType="string" resultType="string">
select MEM_EMAIL from member where MEM_EMAIL = #{memEmail}
union
select EMP_EMAIL from employee where EMP_EMAIL = #{empEmail}
union
select OWNER_EMAIL from owner where OWNER_EMAIL = #{ownerEmail}
</select>

<select id="loginSelectOne" parameterType="string" resultType="authDTO">
select mem_id as userId, mem_pw as userPw, mem_name as userName, mem_email as userEmail, 'member' as grade from member where mem_id = #{userId}
 union select emp_id, emp_pw, emp_name, emp_email, 'employee' from employee where emp_id = #{userId}
 union select owner_id, owner_pw, owner_name, owner_email, 'owner' from owner where owner_id = #{userId} 
</select>

</mapper>